query,summary,article
Apple,"Here is a summary of the provided documents:

- The first document appears to be an announcement about new products from Apple, including the Apple Vision Pro and various new Mac computers.
- The second document provides a brief overview of Apple Inc., noting that it is a large technology company based in California and is known for its high revenue.","Apple Inc.: A Tech Giant Known for Innovation and High Revenue

Apple Inc. is one of the most well-known tech giants in the world. Headquartered in Cupertino, California, Apple has been at the forefront of technological innovation since its inception in 1976. Today, the company is known for its cutting-edge products, which include the iconic iPhone, the iPad, and the Apple Watch. But Apple's success has not just been built on its products alone, it has also been driven by its unique approach to business.

One of the hallmarks of Apple's approach is its focus on design and user experience. Apple products are known for their sleek, minimalist design and intuitive user interfaces. This focus on design has set Apple apart from its competitors and has helped the company build a loyal following of customers who appreciate the attention to detail that goes into every Apple product.

Another key aspect of Apple's approach is its commitment to innovation. Apple is constantly pushing the boundaries of what is possible with technology, and this has led to some truly groundbreaking products over the years. From the first Macintosh computer to the latest iPhone, Apple has a long history of introducing new technologies that change the way we live and work.

But it's not just Apple's products that have helped the company become one of the most successful tech companies in the world, it's also its business strategy. Apple has always been focused on creating a seamless ecosystem of products and services. By integrating hardware, software, and services, Apple has created a cohesive ecosystem that makes it easy for users to access and use its products.

This approach has been a key driver of Apple's success, as it has helped the company build a strong brand and a loyal customer base. In fact, Apple has consistently ranked as one of the most valuable brands in the world, thanks to its reputation for quality and innovation.

Of course, Apple's success has also been built on its financial performance. The company has been incredibly successful at generating revenue and profits, thanks in large part to the popularity of its products. In fact, Apple has consistently been one of the most profitable companies in the world, with a market capitalization of over $2 trillion.

So what's next for Apple? The company is constantly pushing the envelope with new products and services. Recently, Apple announced a range of new products, including the Apple Vision Pro and several new Mac computers. These products are just the latest examples of Apple's commitment to innovation and its focus on creating a seamless ecosystem of products and services.

As Apple continues to grow and evolve, it will be interesting to see what new technologies and products the company introduces. But one thing is for sure: Apple's commitment to design, innovation, and a seamless user experience will continue to set the company apart from its competitors and make it one of the most successful tech companies in the world."
company,"Here is a summary of the provided documents:

- The first document appears to be an announcement about new products from Apple, including the Apple Vision Pro and various new Mac computers.
- The second document provides a brief overview of Apple Inc., noting that it is a large technology company based in California and is known for its high revenue.","As an assistant, I am happy to write a detailed article based on the provided summary, focusing on Apple Inc. and its latest product releases. 

Apple Inc. is a multinational technology company based in Cupertino, California. The company is known for designing, developing, and selling consumer electronics, software, and online services. Apple is one of the largest companies in the world, with a market cap of over $2 trillion and annual revenue of more than $260 billion.

Recently, Apple announced new products, including the Apple Vision Pro and various new Mac computers. The Apple Vision Pro is a high-end display device that offers advanced features for professional users. The device has a 32-inch display with a 6K resolution, which provides exceptional clarity and sharpness. The device also supports Apple's True Tone technology, which adjusts the color temperature of the display to match the lighting in the room. The Apple Vision Pro is designed for creative professionals who require a high-quality display for their work.

In addition to the Apple Vision Pro, Apple also announced new Mac computers. The new devices include the MacBook Air, MacBook Pro, and Mac Mini, all of which feature Apple's new M1 chip. The M1 chip is a custom-designed processor that provides improved performance and power efficiency. The new Mac computers are faster, more powerful, and more energy-efficient than previous models.

The MacBook Air is Apple's most popular laptop, and the new model features a fanless design for quiet operation. The MacBook Pro is designed for professional users who require advanced performance and features, such as a larger display and more storage. The Mac Mini is a desktop computer that is small enough to fit in the palm of your hand, but powerful enough to handle demanding tasks.

Apple's latest product releases continue to demonstrate the company's commitment to innovation and quality. The company has a long history of creating products that are both functional and beautiful, and the new Apple Vision Pro and Mac computers are no exception.

Apple's success is due in part to its focus on user experience. The company's products are designed to be intuitive and easy to use, with a focus on simplicity and elegance. Apple's design philosophy is reflected in the company's products, which are known for their sleek, minimalist design.

In addition to its hardware products, Apple also offers a range of online services, including the App Store, Apple Music, and iCloud. These services are designed to work seamlessly with Apple's hardware products, providing users with a complete ecosystem of products and services.

While Apple's products are known for their quality and innovation, the company has also faced criticism for its high prices and closed ecosystem. Apple's products are often more expensive than comparable products from other companies, and the company's closed ecosystem limits user choice and customization.

Despite these criticisms, Apple continues to be one of the most successful and influential technology companies in the world. The company's products have had a significant impact on the technology industry, and its design philosophy has influenced countless other companies.

In conclusion, Apple Inc. is a large, successful technology company based in California. The company's latest product releases, including the Apple Vision Pro and new Mac computers, continue to demonstrate Apple's commitment to innovation and quality. While Apple's products are known for their high prices, they are also known for their intuitive design and user experience. Apple's influence on the technology industry is undeniable, and the company's products are likely to continue to shape the industry for years to come."
